,timestamp,GECO/MPRX_DI_DOS2_Flowrate_50Hz_mlmin_I,GECO/MPRX_DI_DOS3_Flowrate_50Hz_mlmin_I,GECO/MPRX_DI_FOG_Flowrate_50Hz_lmin_I,GECO/MPRX_DI_FOG_Foam_Air_Factor_I,GECO/MPRX_DI_FOG_Foam_Density_gl_I,GECO/MPRX_DI_FOG_Foam_Loss_Factor_pct_I,GECO/MPRX_DI_FOG_Foamingagent_pct_R,GECO/MPRX_DI_FOG_RESERVED_Foamingagent_cpct_I,GECO/MPRX_DI_MIX_Speed_Hz_I,GECO/MPRX_DI_Mixer_After_Water_s_R,GECO/MPRX_DI_Mixer_Disabled,GECO/MPRX_DI_Pressure_Limit_bar_R,GECO/MPRX_DI_Pressure_Reg_Acc_Speed_Hz_s_R,GECO/MPRX_DI_Pressure_Reg_Active,GECO/MPRX_DI_Pressure_Reg_Limit_pct_I,GECO/MPRX_DI_Pressure_Reg_Red_Speed_I,GECO/MPRX_DI_Pressure_Reg_Start_Freq_Hz_I,GECO/MPRX_DI_Pump_Auto_Reverse_Run_Active,GECO/MPRX_DI_Pump_Auto_Reverse_Run_Time_s_I,GECO/MPRX_DI_Pump_Vib_Mode_I,GECO/MPRX_DI_Pump_Vib_Pause_Time_s_I,GECO/MPRX_DI_Pump_Vib_Run_Time_s_I,GECO/MPRX_DI_Reset_Error,GECO/MPRX_DI_SLD_Printhead_active,GECO/MPRX_DI_Water_Before_Mixer_s_R,GECO/MPRX_DI_Water_Flowrate_Set_lh_I,GECO/MPRX_DI_Wetprobe_Upper_Cov_Delay_s_I,GECO/MPRX_DI_Wetprobe_Upper_NCov_Delay_s_I,GECO/MPRX_EXT_DOS1_Run,GECO/MPRX_EXT_DOS2_Run,GECO/MPRX_EXT_DOS3_Run,GECO/MPRX_EXT_FOG_Run,GECO/MPRX_EXT_Heartbeat,GECO/MPRX_EXT_MIX_Run,GECO/MPRX_EXT_Pump_Run,GECO/MPRX_EXT_Pump_Run_Reverse,GECO/MPRX_EXT_Pump_Speed_cHz_I,GECO/MPTX_DI_Air_Humidity_pct_R,GECO/MPTX_DI_Air_Temperature_C_R,GECO/MPTX_DI_Mortar_Temperature_C_R,GECO/MPTX_DI_Water_Temperature_C_R,GECO/MPXMB_Mixer_OutputCurrent_dA_I,GECO/MPXMB_Pump_OutputCurrent_dA_I,GECO/MPXMB_Pump_OutputPower_W_I,GECO/MPXMB_Waterpump_OutputFrequency_cHz_I,GECO/MPYMB_Waterpump_FrequencyRef_cHz_I,GECO/MPY_Valve_Watertank,GECO/MP_Auto_On,GECO/MP_DOS1_Flowrate_current_mlmin_I,GECO/MP_DOS2_Flowrate_current_mlmin_I,GECO/MP_DOS3_Flowrate_current_mlmin_I,GECO/MP_Error_Any_Active,GECO/MP_Master_On,GECO/MP_Mixer_Run,GECO/MP_Pressure_reached,GECO/MP_Pump_Pressure_Current_bar_R,GECO/MP_Pump_Run,GECO/MP_Water_Run,GECO/MP_Waterflowrate_current_Lh_R,GECO/MP_Waterprobe_Upper_Cov
0,2024-06-21 15:28:38.511643,0,0,170,100,50,0,3.0,0,0,0.10000000149011612,False,15.0,2.0,False,75,5,65,False,0,2,10,5,False,False,0.4000000059604645,300,2,30,False,False,False,False,False,False,False,False,0,57.1181755065918,20.74609375,19.81640625,19.765625,0,0,0,0,2421,False,False,0,0,0,True,True,False,False,0.011468503624200821,False,False,0.0,True
1,2024-06-21 15:29:12.369486,0,0,170,100,50,0,3.0,0,0,0.10000000149011612,False,15.0,2.0,False,75,5,65,False,0,2,10,5,False,False,0.4000000059604645,300,2,30,False,False,False,False,False,False,False,False,0,57.048065185546875,20.74609375,19.81640625,19.78515625,0,0,0,0,2421,False,False,0,0,0,True,True,False,False,0.01503971591591835,False,False,0.0,True
2,2024-06-21 15:29:46.129094,0,0,170,100,50,0,3.0,0,0,0.10000000149011612,False,15.0,2.0,False,75,5,65,False,0,2,10,5,False,False,0.4000000059604645,300,2,30,False,False,False,False,False,False,False,False,0,57.102439880371094,20.754688262939453,19.83203125,19.78125,0,0,0,0,2421,False,False,0,0,0,True,True,False,False,0.013600170612335205,False,False,0.0,True
3,2024-06-21 15:30:20.078737,0,0,170,100,50,0,3.0,0,0,0.10000000149011612,False,15.0,2.0,False,75,5,65,False,0,2,10,5,False,False,0.4000000059604645,300,2,30,False,False,False,False,False,False,False,False,0,57.02260971069336,20.74609375,19.83203125,19.78515625,0,0,0,0,2421,False,False,0,0,0,True,True,False,False,0.014294159598648548,False,False,0.0,True
4,2024-06-21 15:30:53.879135,0,0,170,100,50,0,3.0,0,0,0.10000000149011612,False,15.0,2.0,False,75,5,65,False,0,2,10,5,False,False,0.4000000059604645,300,2,30,False,False,False,False,False,False,False,False,0,57.16814422607422,20.74609375,19.83203125,19.7890625,0,0,0,0,2421,False,False,0,0,0,True,True,False,False,0.012153590098023415,False,False,0.0,True
5,2024-06-21 15:31:27.658581,0,0,170,100,50,0,3.0,0,0,0.10000000149011612,False,15.0,2.0,False,75,5,65,False,0,2,10,5,False,False,0.4000000059604645,300,2,30,False,False,False,False,False,False,False,False,0,57.12211608886719,20.763282775878906,19.83203125,19.77734375,0,0,0,0,2421,False,False,0,0,0,True,True,False,False,0.014999534003436565,False,False,0.0,True
6,2024-06-21 15:39:24.913476,0,0,170,100,50,0,3.0,0,0,0.10000000149011612,False,15.0,2.0,False,75,5,65,False,0,2,10,5,False,False,0.4000000059604645,300,2,30,False,False,False,False,False,False,False,False,0,57.052337646484375,20.754688262939453,19.9609375,19.90625,0,0,0,0,2373,False,False,0,0,0,True,True,False,False,0.0292089581489563,False,False,0.0,True
7,2024-06-21 15:39:58.700495,0,0,170,100,50,0,3.0,0,0,0.10000000149011612,False,15.0,2.0,False,75,5,65,False,0,2,10,5,False,False,0.4000000059604645,300,2,30,False,False,False,False,False,False,False,False,0,56.96184539794922,20.780467987060547,19.93359375,19.890625,0,0,0,0,2373,False,False,0,0,0,True,True,False,False,0.029389405623078346,False,False,0.0,True
8,2024-06-21 15:40:32.530336,0,0,170,100,50,0,3.0,0,0,0.10000000149011612,False,15.0,2.0,False,75,5,65,False,0,2,10,5,False,False,0.4000000059604645,300,2,30,False,False,False,False,False,False,False,False,0,56.90436553955078,20.797657012939453,19.9375,19.8984375,0,0,0,0,2373,False,False,0,0,0,True,True,False,False,0.03071845881640911,False,False,0.0,True
9,2024-06-21 15:41:06.357857,0,0,170,100,50,0,3.0,0,0,0.10000000149011612,False,15.0,2.0,False,75,5,65,False,0,2,10,5,False,False,0.4000000059604645,300,2,30,False,False,False,False,False,False,False,False,0,56.79698181152344,20.83203125,19.93359375,19.90625,0,0,0,0,2373,False,False,0,0,0,True,True,False,False,0.02872397191822529,False,False,0.0,True
10,2024-06-21 15:41:40.113164,0,0,170,100,50,0,3.0,0,0,0.10000000149011612,False,15.0,2.0,False,75,5,65,False,0,2,10,5,False,False,0.4000000059604645,300,2,30,False,False,False,False,False,False,False,False,0,56.68661117553711,20.849220275878906,19.95703125,19.90234375,0,0,0,0,2373,False,False,0,0,0,True,True,False,False,0.0273940097540617,False,False,0.0,True
11,2024-06-21 15:42:13.985280,0,0,170,100,50,0,3.0,0,0,0.10000000149011612,False,15.0,2.0,False,75,5,65,False,0,2,10,5,False,False,0.4000000059604645,300,2,30,False,False,False,False,False,False,False,False,0,56.62480163574219,20.857810974121094,19.9375,19.88671875,0,0,0,0,2373,False,False,0,0,0,True,True,False,False,0.02867378108203411,False,False,0.0,True
12,2024-06-21 15:42:47.846236,0,0,170,100,50,0,3.0,0,0,0.10000000149011612,False,15.0,2.0,False,75,5,65,False,0,2,10,5,False,False,0.4000000059604645,300,2,30,False,False,False,False,False,False,False,False,0,56.78790283203125,20.892189025878906,19.9296875,19.8828125,0,0,0,0,2373,False,False,0,0,0,True,True,False,False,0.026548389345407486,False,False,0.0,True
13,2024-06-21 15:43:21.785462,0,0,170,100,50,0,3.0,0,0,0.10000000149011612,False,15.0,2.0,False,75,5,65,False,0,2,10,5,False,False,0.4000000059604645,300,2,30,False,False,False,False,False,False,False,False,0,56.72041320800781,20.91796875,19.953125,19.91015625,0,0,0,0,2373,False,False,0,0,0,True,True,False,False,0.024092739447951317,False,False,0.0,True
14,2024-06-21 15:43:55.653653,0,0,170,100,50,0,3.0,0,0,0.10000000149011612,False,15.0,2.0,False,75,5,65,False,0,2,10,5,False,False,0.4000000059604645,300,2,30,False,False,False,False,False,False,False,False,0,56.540733337402344,20.935157775878906,19.9296875,19.91015625,0,0,0,0,2373,False,False,0,0,0,True,True,False,False,0.024264240637421608,False,False,0.0,True
15,2024-06-21 16:03:05.389142,0,0,170,100,50,0,3.0,0,0,0.10000000149011612,False,15.0,2.0,False,75,5,65,False,0,2,10,5,False,False,0.4000000059604645,400,2,30,False,False,False,False,False,False,False,False,0,56.24751663208008,21.021095275878906,19.96875,19.96484375,0,0,0,0,2368,False,False,0,0,0,True,False,False,False,0.019406626001000404,False,False,0.0,True
16,2024-06-21 16:03:39.108752,0,0,170,100,50,0,3.0,0,0,0.10000000149011612,False,15.0,2.0,False,75,5,65,False,0,2,10,5,False,False,0.4000000059604645,400,2,30,False,False,False,False,False,False,False,False,0,56.2202033996582,21.029685974121094,19.94921875,19.9453125,0,0,0,0,2368,False,False,0,0,0,True,True,False,False,0.018684184178709984,False,False,0.0,True
17,2024-06-21 16:04:12.957886,0,0,170,100,50,0,3.0,0,0,0.10000000149011612,False,15.0,2.0,False,75,5,65,False,0,2,10,5,False,False,0.4000000059604645,400,2,30,False,False,False,False,False,False,False,False,0,56.32489776611328,21.00390625,19.55078125,19.95703125,0,0,0,0,3369,False,False,0,0,0,True,True,False,False,0.02234751544892788,False,False,0.0,True
18,2024-06-21 16:04:46.847123,0,0,170,100,50,0,3.0,0,0,0.10000000149011612,False,15.0,2.0,False,75,5,65,False,0,0,10,5,False,False,0.4000000059604645,400,2,30,False,False,False,False,False,False,False,False,0,56.457061767578125,20.943748474121094,19.94921875,19.9765625,0,38,1340,3162,3062,False,False,0,0,0,True,True,True,False,0.04956071823835373,True,True,403.7919006347656,False
19,2024-06-21 16:05:20.646819,0,0,170,100,50,0,3.0,0,0,0.10000000149011612,False,15.0,2.0,False,75,5,65,False,0,0,10,5,False,False,0.4000000059604645,400,2,30,False,False,False,False,False,False,False,False,0,56.93149185180664,20.7890625,20.09765625,20.0,0,0,0,3122,3033,False,False,0,0,0,True,True,True,False,0.03946381062269211,False,True,399.3706970214844,False
20,2024-06-21 16:05:54.562133,0,0,170,100,50,0,3.0,0,0,0.10000000149011612,False,15.0,2.0,False,75,5,65,False,0,0,10,5,False,False,0.4000000059604645,400,2,30,False,False,False,False,False,False,False,False,0,57.194549560546875,20.694530487060547,20.0703125,20.00390625,0,39,1430,0,3039,False,False,0,0,0,True,True,False,False,0.15546956658363342,True,False,0.0,False
21,2024-06-21 16:06:28.422134,0,0,170,100,50,0,3.0,0,0,0.10000000149011612,False,15.0,2.0,False,75,5,65,False,0,0,10,5,False,False,0.4000000059604645,400,2,30,False,False,False,False,False,False,False,False,0,57.09626388549805,20.703125,20.40625,20.0234375,0,38,1390,0,3039,False,False,0,0,0,True,True,False,False,0.21944235265254974,True,False,0.0,False
22,2024-06-21 16:07:02.195720,0,0,170,100,50,0,3.0,0,0,0.10000000149011612,False,15.0,2.0,False,75,5,65,False,0,0,10,5,False,False,0.4000000059604645,400,2,30,False,False,False,False,False,False,False,False,0,56.971248626708984,20.754688262939453,20.74609375,20.0390625,0,36,1430,0,3039,False,False,0,0,0,True,True,False,False,0.24434415996074677,True,False,0.0,False
23,2024-06-21 16:07:36.040928,0,0,170,100,50,0,3.0,0,0,0.10000000149011612,False,15.0,2.0,False,75,5,65,False,0,0,10,5,False,False,0.4000000059604645,400,2,30,False,False,False,False,False,False,False,False,0,56.78803253173828,20.83203125,20.96484375,20.0234375,0,0,0,0,3039,True,False,0,0,0,True,True,False,False,0.06494168937206268,False,False,0.0,False
24,2024-06-21 16:08:09.854520,0,0,170,100,50,0,3.0,0,0,0.10000000149011612,False,15.0,2.0,False,75,5,65,False,0,0,10,5,False,False,0.4000000059604645,280,2,30,False,False,False,False,False,False,False,False,0,56.62712097167969,20.883594512939453,21.07421875,20.03125,0,0,0,0,3039,False,False,0,0,0,True,True,False,False,0.06673760712146759,False,False,0.0,True
25,2024-06-21 16:08:43.723732,0,0,170,100,50,0,3.0,0,0,0.10000000149011612,False,15.0,2.0,False,75,5,65,False,0,0,10,5,False,False,0.4000000059604645,280,2,30,False,False,False,False,False,False,False,False,0,56.55316925048828,20.909374237060547,21.234375,20.04296875,0,0,0,0,3039,False,False,0,0,0,True,True,False,False,0.07155711203813553,False,False,0.0,True
26,2024-06-21 16:09:17.559204,0,0,170,100,50,0,3.0,0,0,0.10000000149011612,False,15.0,2.0,False,75,5,65,False,0,0,10,5,False,False,0.4000000059604645,280,2,30,False,False,False,False,False,False,False,False,0,56.47370147705078,20.926563262939453,21.1796875,20.05078125,0,0,0,2559,2500,False,False,0,0,0,True,True,True,False,0.0731058418750763,False,True,319.955322265625,True
27,2024-06-21 16:09:51.632663,0,0,170,100,50,0,3.0,0,0,0.10000000149011612,False,15.0,2.0,False,75,5,65,False,0,0,10,5,False,False,0.4000000059604645,280,2,30,False,False,False,False,False,False,False,False,0,56.71287155151367,20.883594512939453,21.28125,20.1796875,0,0,0,2273,2241,False,False,0,0,0,True,True,True,False,0.07361055165529251,False,True,280.66943359375,False
28,2024-06-21 16:10:25.592254,0,0,170,100,50,0,3.0,0,0,0.10000000149011612,False,15.0,2.0,False,75,5,65,False,0,0,10,5,False,False,0.4000000059604645,300,2,30,False,False,False,False,False,False,False,False,0,56.79039764404297,20.83203125,21.2109375,20.23046875,0,0,0,0,2355,False,False,0,0,0,True,True,False,False,0.061167795211076736,False,False,0.0,False
29,2024-06-21 16:10:59.341034,0,0,170,100,50,0,3.0,0,0,0.10000000149011612,False,15.0,2.0,False,75,5,65,False,0,0,10,5,False,False,0.4000000059604645,300,2,30,False,False,False,False,False,False,False,False,0,56.7198600769043,20.840625762939453,21.3515625,20.2578125,0,39,1740,0,2355,False,False,0,0,0,True,True,False,False,4.974564552307129,True,False,0.0,False
30,2024-06-21 16:11:33.150658,0,0,170,100,50,0,3.0,0,0,0.10000000149011612,False,15.0,2.0,False,75,5,65,False,0,0,10,5,False,False,0.4000000059604645,300,2,30,False,False,False,False,False,False,False,False,0,56.6257438659668,20.91796875,21.8984375,20.26171875,0,38,1640,0,2355,False,False,0,0,0,True,True,False,False,5.480470180511475,True,False,0.0,False
31,2024-06-21 16:12:06.950391,0,0,170,100,50,0,3.0,0,0,0.10000000149011612,False,15.0,2.0,False,75,5,65,False,0,1,10,5,False,False,0.4000000059604645,300,2,30,False,False,False,False,False,False,False,False,0,56.42683792114258,20.969532012939453,21.81640625,20.265625,0,0,0,0,2355,False,False,0,0,0,True,True,False,False,0.40630632638931274,False,False,0.0,False
32,2024-06-21 16:12:40.779319,0,0,170,100,50,0,3.0,0,0,0.10000000149011612,False,15.0,2.0,False,75,5,65,False,0,0,10,5,False,False,0.4000000059604645,300,2,30,False,False,False,False,False,False,False,False,0,56.3676643371582,20.986717224121094,22.5234375,20.2578125,0,0,0,0,2355,False,False,0,0,0,True,True,False,False,0.39467254281044006,False,False,0.0,True
33,2024-06-21 16:13:14.649095,0,0,170,100,50,0,3.0,0,0,0.10000000149011612,False,15.0,2.0,False,75,5,65,False,0,0,10,5,False,False,0.4000000059604645,300,2,30,False,False,False,False,False,False,False,False,0,56.374935150146484,21.00390625,22.6640625,20.2578125,0,0,0,0,2355,False,False,0,0,0,True,True,False,False,0.38399481773376465,False,False,0.0,True
34,2024-06-21 16:13:48.534341,0,0,170,100,50,0,3.0,0,0,0.10000000149011612,False,15.0,2.0,False,75,5,65,False,0,0,10,5,False,False,0.4000000059604645,300,2,30,False,False,False,False,False,False,False,False,0,56.29804611206055,21.029685974121094,22.796875,20.265625,0,0,0,0,2355,False,False,0,0,0,True,True,False,False,0.37674757838249207,False,False,0.0,True
35,2024-06-21 16:14:22.357599,0,0,170,100,50,0,3.0,0,0,0.10000000149011612,False,15.0,2.0,False,75,5,65,False,0,0,10,5,False,False,0.4000000059604645,300,2,30,False,False,False,False,False,False,False,False,0,56.318763732910156,21.046875,22.79296875,20.25390625,0,0,0,0,2355,False,False,0,0,0,True,False,False,False,0.3676990270614624,False,False,0.0,True
36,2024-06-21 16:14:56.357172,0,0,170,100,50,0,3.0,0,0,0.10000000149011612,False,15.0,2.0,False,75,5,65,False,0,0,10,5,False,False,0.4000000059604645,300,2,30,False,False,False,False,False,False,False,False,0,56.26808166503906,21.081249237060547,22.84375,20.26171875,0,0,0,0,2355,False,False,0,0,0,True,False,False,False,0.36319953203201294,False,False,0.0,True
37,2024-06-21 16:15:30.056795,0,0,170,100,50,0,3.0,0,0,0.10000000149011612,False,15.0,2.0,False,75,5,65,False,0,0,10,5,False,False,0.4000000059604645,300,2,30,False,False,False,False,False,False,False,False,0,56.18629837036133,21.08984375,22.8203125,20.4375,0,0,0,2417,2359,False,False,0,0,0,True,True,True,False,0.36199483275413513,False,True,299.62347412109375,False
38,2024-06-21 16:16:03.936517,0,0,170,100,50,0,3.0,0,0,0.10000000149011612,False,15.0,2.0,False,75,5,65,False,0,0,10,5,False,False,0.4000000059604645,300,2,30,False,False,False,False,False,False,False,False,0,56.183067321777344,21.081249237060547,22.85546875,20.6953125,0,35,1320,0,2356,False,False,0,0,0,True,True,False,False,3.0865211486816406,True,False,0.0,False
39,2024-06-21 16:16:37.661480,0,0,170,100,50,0,3.0,0,0,0.10000000149011612,False,15.0,2.0,False,75,5,65,False,0,0,10,5,False,False,0.4000000059604645,300,2,30,False,False,False,False,False,False,False,False,0,56.034358978271484,21.124217987060547,22.99609375,20.75390625,0,0,0,0,2356,False,False,0,0,0,True,True,False,False,0.2025213986635208,False,False,0.0,False
40,2024-06-21 16:17:11.495260,0,0,170,100,50,0,3.0,0,0,0.10000000149011612,False,15.0,2.0,False,75,5,65,False,0,1,10,5,False,False,0.4000000059604645,300,2,30,False,False,False,False,False,False,False,False,0,56.05998992919922,21.150001525878906,23.0546875,20.76953125,0,36,1390,0,2356,False,False,0,0,0,True,True,False,False,2.388237714767456,True,False,0.0,False
41,2024-06-21 16:17:45.285122,0,0,170,100,50,0,3.0,0,0,0.10000000149011612,False,15.0,2.0,False,75,5,65,False,0,1,10,5,False,False,0.4000000059604645,300,2,30,False,False,False,False,False,False,False,False,0,55.87606430053711,21.201560974121094,23.31640625,20.8046875,0,34,1200,0,2349,False,False,0,0,0,True,True,False,False,0.9713118672370911,True,False,0.0,False
42,2024-06-21 16:18:19.083634,0,0,170,100,50,0,3.0,0,0,0.10000000149011612,False,15.0,2.0,False,75,5,65,False,0,1,10,5,False,False,0.4000000059604645,300,2,30,False,False,False,False,False,False,False,False,0,55.5593147277832,21.270313262939453,23.41796875,20.8125,0,34,1160,0,2349,False,False,0,0,0,True,True,False,False,0.7157466411590576,True,False,0.0,False
43,2024-06-21 16:18:52.859127,0,0,170,100,50,0,3.0,0,0,0.10000000149011612,False,15.0,2.0,False,75,5,65,False,0,1,10,5,False,False,0.4000000059604645,300,2,30,False,False,False,False,False,False,False,False,0,55.462650299072266,21.339061737060547,23.265625,20.82421875,0,35,1370,0,2349,False,False,0,0,0,True,True,False,False,0.2718462347984314,True,False,0.0,False
44,2024-06-21 16:19:26.552841,0,0,170,100,50,0,3.0,0,0,0.10000000149011612,False,15.0,2.0,False,75,5,65,False,0,0,10,5,False,False,0.4000000059604645,300,2,30,False,False,False,False,False,False,False,False,0,55.221466064453125,21.382030487060547,23.33203125,20.8046875,0,0,0,2400,2349,False,False,0,0,0,True,True,False,False,0.11148073524236679,False,True,299.807373046875,False
45,2024-06-21 16:20:00.402555,0,0,170,100,50,0,3.0,0,0,0.10000000149011612,False,15.0,2.0,False,75,5,65,False,0,0,10,5,False,False,0.4000000059604645,300,2,30,False,False,False,False,False,False,False,False,0,55.26071548461914,21.382030487060547,23.41796875,20.84375,0,0,0,0,2361,False,False,0,0,0,True,True,False,False,0.09950347989797592,False,False,0.0,False
46,2024-06-21 16:20:34.318244,0,0,170,100,50,0,3.0,0,0,0.10000000149011612,False,15.0,2.0,False,75,5,65,False,0,0,10,5,False,False,0.4000000059604645,300,2,30,False,False,False,False,False,False,False,False,0,55.34157180786133,21.34765625,23.59765625,20.953125,0,33,1070,2384,2349,False,False,0,0,0,True,True,False,False,0.23734094202518463,True,True,298.6202392578125,True
47,2024-06-21 16:21:08.190960,0,0,170,100,50,0,3.0,0,0,0.10000000149011612,False,15.0,2.0,False,75,5,65,False,0,0,10,5,False,False,0.4000000059604645,300,2,30,False,False,False,False,False,False,False,False,0,55.48368453979492,21.321876525878906,23.57421875,21.421875,0,33,1030,2403,2350,False,False,0,0,0,True,True,False,False,0.13142691552639008,True,True,298.4464416503906,False
48,2024-06-21 16:21:42.060776,0,0,170,100,50,0,3.0,0,0,0.10000000149011612,False,15.0,2.0,False,75,5,65,False,0,0,10,5,False,False,0.4000000059604645,300,2,30,False,False,False,False,False,False,False,False,0,55.52242660522461,21.34765625,23.375,21.46484375,0,33,980,2422,2362,False,False,0,0,0,True,True,False,False,0.12576255202293396,True,True,299.017822265625,False
49,2024-06-21 16:22:15.865988,0,0,170,100,50,0,3.0,0,0,0.10000000149011612,False,15.0,2.0,False,75,5,65,False,0,0,10,5,False,False,0.4000000059604645,300,2,30,False,False,False,False,False,False,False,False,0,55.5644645690918,21.390625,23.140625,21.48828125,0,33,1010,2403,2356,False,False,0,0,0,True,True,False,False,0.14413206279277802,True,True,300.9097900390625,False
50,2024-06-21 16:22:49.609286,0,0,170,100,50,0,3.0,0,0,0.10000000149011612,False,15.0,2.0,False,75,5,65,False,0,0,10,5,False,False,0.4000000059604645,300,2,30,False,False,False,False,False,False,False,False,0,55.646759033203125,21.424999237060547,23.0,21.94140625,0,0,0,0,2351,False,False,0,0,0,True,True,False,False,0.15437017381191254,False,False,0.0,False
51,2024-06-21 16:23:23.445253,0,0,170,100,50,0,3.0,0,0,0.10000000149011612,False,15.0,2.0,False,75,5,65,False,0,0,10,5,False,False,0.4000000059604645,300,2,30,False,False,False,False,False,False,False,False,0,55.15205764770508,21.459373474121094,22.859375,22.046875,0,0,0,0,2351,False,False,0,0,0,True,True,False,False,0.14771656692028046,False,False,0.0,False
52,2024-06-21 16:23:57.264887,0,0,170,100,50,0,3.0,0,0,0.10000000149011612,False,15.0,2.0,False,75,5,65,False,0,0,10,5,False,False,0.4000000059604645,300,2,30,False,False,False,False,False,False,False,False,0,55.039207458496094,21.467967987060547,22.765625,22.0546875,0,0,0,0,2351,False,False,0,0,0,True,True,False,False,0.14822213351726532,False,False,0.0,False
53,2024-06-21 16:24:31.034487,0,0,170,100,50,0,3.0,0,0,0.10000000149011612,False,15.0,2.0,False,75,5,65,False,0,0,10,5,False,False,0.4000000059604645,300,2,30,False,False,False,False,False,False,False,False,0,55.10519790649414,21.459373474121094,22.72265625,22.05859375,0,0,0,0,2351,False,False,0,0,0,True,True,False,False,0.1481861025094986,False,False,0.0,False
54,2024-06-21 16:25:04.837299,0,0,170,100,50,0,3.0,0,0,0.10000000149011612,False,15.0,2.0,False,75,5,65,False,0,0,10,5,False,False,0.4000000059604645,300,2,30,False,False,False,False,False,False,False,False,0,55.14375305175781,21.442188262939453,22.7890625,22.0546875,0,0,0,0,2351,False,False,0,0,0,True,True,False,False,0.1464819610118866,False,False,0.0,True
55,2024-06-21 16:25:38.626809,0,0,170,100,50,0,3.0,0,0,0.10000000149011612,False,15.0,2.0,False,75,5,65,False,0,0,10,5,False,False,0.4000000059604645,300,2,30,False,False,False,False,False,False,False,False,0,55.20253372192383,21.424999237060547,22.68359375,22.0546875,0,0,0,0,2351,False,False,0,0,0,True,True,False,False,0.1442214548587799,False,False,0.0,True
56,2024-06-21 16:26:12.472120,0,0,170,100,50,0,3.0,0,0,0.10000000149011612,False,15.0,2.0,False,75,5,65,False,0,0,10,5,False,False,0.4000000059604645,300,2,30,False,False,False,False,False,False,False,False,0,55.216766357421875,21.424999237060547,22.625,22.02734375,0,0,0,0,2351,False,False,0,0,0,True,True,False,False,0.1445171982049942,False,False,0.0,True
57,2024-06-21 16:26:46.331932,0,0,170,100,50,0,3.0,0,0,0.10000000149011612,False,15.0,2.0,False,75,5,65,False,0,0,10,5,False,False,0.4000000059604645,300,2,30,False,False,False,False,False,False,False,False,0,55.212982177734375,21.416404724121094,22.6953125,21.9921875,0,0,0,0,2351,False,False,0,0,0,True,True,False,False,0.14487139880657196,False,False,0.0,True
58,2024-06-21 16:27:20.091653,0,0,170,100,50,0,3.0,0,0,0.10000000149011612,False,15.0,2.0,False,75,5,65,False,0,0,10,5,False,False,0.4000000059604645,300,2,30,False,False,False,False,False,False,False,False,0,55.2698860168457,21.407814025878906,22.65625,21.9609375,0,0,0,0,2351,False,False,0,0,0,True,True,False,False,0.14302198588848114,False,False,0.0,True
59,2024-06-21 16:27:53.840603,0,0,170,100,50,0,3.0,0,0,0.10000000149011612,False,15.0,2.0,False,75,5,65,False,0,0,10,5,False,False,0.4000000059604645,300,2,30,False,False,False,False,False,False,False,False,0,55.277122497558594,21.407814025878906,22.5625,21.9453125,0,0,0,0,2351,False,False,0,0,0,True,True,False,False,0.14142762124538422,False,False,0.0,True
60,2024-06-21 16:28:27.614620,0,0,170,100,50,0,3.0,0,0,0.10000000149011612,False,15.0,2.0,False,75,5,65,False,0,0,10,5,False,False,0.4000000059604645,300,2,30,False,False,False,False,False,False,False,False,0,55.33160400390625,21.424999237060547,22.56640625,21.90625,0,0,0,0,2351,False,False,0,0,0,True,True,False,False,0.14328062534332275,False,False,0.0,True
61,2024-06-21 16:29:01.419669,0,0,170,100,50,0,3.0,0,0,0.10000000149011612,False,15.0,2.0,False,75,5,65,False,0,0,10,5,False,False,0.4000000059604645,300,2,30,False,False,False,False,False,False,False,False,0,55.421661376953125,21.459373474121094,22.5078125,21.90625,0,0,0,0,2351,False,False,0,0,0,True,True,False,False,0.1384139358997345,False,False,0.0,True
62,2024-06-21 16:29:35.343576,0,0,170,100,50,0,3.0,0,0,0.10000000149011612,False,15.0,2.0,False,75,5,65,False,0,0,10,5,False,False,0.4000000059604645,300,2,30,False,False,False,False,False,False,False,False,0,55.26308059692383,21.510936737060547,22.49609375,21.88671875,0,0,0,0,2351,False,False,0,0,0,True,True,False,False,0.14201447367668152,False,False,0.0,True
63,2024-06-21 16:30:09.278568,0,0,170,100,50,0,3.0,0,0,0.10000000149011612,False,15.0,2.0,False,75,5,65,False,0,0,10,5,False,False,0.4000000059604645,300,2,30,False,False,False,False,False,False,False,False,0,55.06523132324219,21.571094512939453,22.5625,21.90625,0,0,0,0,2351,False,False,0,0,0,True,True,False,False,0.13942156732082367,False,False,0.0,True
64,2024-06-21 16:30:43.181499,0,0,170,100,50,0,3.0,0,0,0.10000000149011612,False,15.0,2.0,False,75,5,65,False,0,1,10,5,False,False,0.4000000059604645,300,2,30,False,False,False,False,False,False,False,False,0,54.69019317626953,21.631248474121094,22.4453125,21.87890625,0,0,0,0,2351,False,False,0,0,0,True,True,False,False,0.11786480993032455,False,False,0.0,True
65,2024-06-21 16:31:17.171365,0,0,170,100,50,0,3.0,0,0,0.10000000149011612,False,15.0,2.0,False,75,5,65,False,0,1,10,5,False,False,0.4000000059604645,300,2,30,False,False,False,False,False,False,False,False,0,54.89893341064453,21.571094512939453,22.39453125,22.0703125,0,0,0,2437,2378,False,False,0,0,0,True,True,True,False,0.10399235785007477,False,True,295.85516357421875,False
66,2024-06-21 16:31:51.126997,0,0,170,100,50,0,3.0,0,0,0.10000000149011612,False,15.0,2.0,False,75,5,65,False,0,1,10,5,False,False,0.4000000059604645,290,2,30,False,False,False,False,False,False,False,False,0,55.05144119262695,21.528125762939453,22.8046875,22.15625,0,0,0,2403,2337,False,False,0,0,0,True,True,True,False,0.1143530085682869,False,True,296.18548583984375,False
67,2024-06-21 16:32:25.096652,0,0,170,100,50,0,3.0,0,0,0.10000000149011612,False,15.0,2.0,False,75,5,65,False,0,1,10,5,False,False,0.4000000059604645,290,2,30,False,False,False,False,False,False,False,False,0,55.15199279785156,21.459373474121094,22.9375,22.1875,0,0,0,0,2330,True,False,0,0,0,True,True,False,False,0.09782503545284271,False,False,0.0,False
68,2024-06-21 16:32:58.849905,0,0,0,100,0,0,0.0,0,0,0.10000000149011612,False,15.0,2.0,False,75,5,65,False,0,1,10,5,False,False,0.4000000059604645,800,2,30,False,False,False,False,False,False,False,False,0,55.14320755004883,21.43359375,23.265625,22.1953125,0,0,0,0,2330,False,False,0,0,0,True,True,False,False,0.08884746581315994,False,False,0.0,True
69,2024-06-21 16:33:32.635711,0,0,0,100,0,0,0.0,0,0,0.10000000149011612,False,15.0,2.0,False,75,5,65,False,0,1,10,5,False,False,0.4000000059604645,290,2,30,False,False,False,False,False,False,False,False,0,55.21840286254883,21.407814025878906,22.9375,22.1875,0,0,0,0,2330,False,False,0,0,0,True,True,False,False,0.08609136939048767,False,False,0.0,True
70,2024-06-21 16:34:06.498403,0,0,0,100,0,0,0.0,0,0,0.10000000149011612,False,15.0,2.0,False,75,5,65,False,0,1,10,5,False,False,0.4000000059604645,290,2,30,False,False,False,False,False,False,False,False,0,55.31978988647461,21.390625,22.890625,22.2890625,0,0,0,0,2292,False,False,0,0,0,True,True,False,False,0.08674988895654678,False,False,0.0,False
71,2024-06-21 16:34:40.347959,0,0,0,100,0,0,0.0,0,0,0.10000000149011612,False,15.0,2.0,False,75,5,65,False,0,1,10,5,False,False,0.4000000059604645,290,2,30,False,False,False,False,False,False,False,False,0,55.462196350097656,21.390625,23.18359375,22.34765625,0,38,360,0,2292,False,False,0,0,0,True,True,False,False,0.767727792263031,True,False,0.0,False
72,2024-06-21 16:35:14.087339,0,0,0,100,0,0,0.0,0,0,0.10000000149011612,False,15.0,2.0,False,75,5,65,False,0,1,10,5,False,False,0.4000000059604645,290,2,30,False,False,False,False,False,False,False,False,0,55.41280746459961,21.382030487060547,23.55078125,22.35546875,0,38,370,0,2292,False,False,0,0,0,True,True,False,False,1.4534698724746704,True,False,0.0,False
73,2024-06-21 16:35:47.976574,0,0,0,100,0,0,0.0,0,0,0.10000000149011612,False,15.0,2.0,False,75,5,65,False,0,1,10,5,False,False,0.4000000059604645,490,2,30,False,False,False,False,False,False,False,False,0,55.45067596435547,21.373435974121094,23.7578125,22.37109375,0,0,0,0,2312,False,False,0,0,0,True,True,False,False,0.3504491150379181,False,False,0.0,False
74,2024-06-21 16:36:21.756606,0,0,0,100,0,0,0.0,0,0,0.10000000149011612,False,15.0,2.0,False,75,5,65,False,0,1,10,5,False,False,0.4000000059604645,280,2,30,False,False,False,False,False,False,False,False,0,55.43540954589844,21.356250762939453,23.80078125,22.38671875,0,40,470,2568,2488,False,False,0,0,0,True,True,True,False,1.6988333463668823,True,True,319.5626220703125,False
75,2024-06-21 16:36:55.605415,0,0,0,100,0,0,0.0,0,0,0.10000000149011612,False,15.0,2.0,False,75,5,65,False,0,2,10,5,False,False,0.4000000059604645,280,2,30,False,False,False,False,False,False,False,False,0,55.4761848449707,21.364845275878906,23.83984375,22.38671875,0,38,370,0,2279,False,False,0,0,0,True,True,False,False,1.7300145626068115,True,False,0.0,False
76,2024-06-21 16:37:29.414698,0,0,0,100,0,0,0.0,0,0,0.10000000149011612,False,15.0,2.0,False,75,5,65,False,0,2,10,5,False,False,0.4000000059604645,270,2,30,False,False,False,False,False,False,False,False,0,55.43110656738281,21.356250762939453,23.96484375,22.3984375,0,38,370,0,2241,False,False,0,0,0,True,True,False,False,2.0761373043060303,True,False,0.0,False
77,2024-06-21 16:38:03.294523,0,0,0,100,0,0,0.0,0,0,0.10000000149011612,False,15.0,2.0,False,75,5,65,False,0,2,10,5,False,False,0.4000000059604645,265,2,30,False,False,False,False,False,False,False,False,0,55.38200378417969,21.364845275878906,24.5625,22.38671875,0,38,380,0,2241,False,False,0,0,0,True,True,False,False,1.8187496662139893,True,False,0.0,False
78,2024-06-21 16:38:37.054032,0,0,0,100,0,0,0.0,0,0,0.10000000149011612,False,15.0,2.0,False,75,5,65,False,0,2,10,5,False,False,0.4000000059604645,265,2,30,False,False,False,False,False,False,False,False,0,55.36614227294922,21.356250762939453,24.3984375,22.3828125,0,38,360,2302,2233,False,False,0,0,0,True,True,True,False,1.572999119758606,True,True,283.8097229003906,False
79,2024-06-21 16:39:10.903368,0,0,0,100,0,0,0.0,0,0,0.10000000149011612,False,15.0,2.0,False,75,5,65,False,0,2,10,5,False,False,0.4000000059604645,265,2,30,False,False,False,False,False,False,False,False,0,55.374046325683594,21.373435974121094,24.47265625,22.36328125,0,79,110,0,2194,False,False,0,0,0,True,True,False,False,0.7387904524803162,True,False,0.0,False
80,2024-06-21 16:39:44.849153,0,0,0,100,0,0,0.0,0,0,0.10000000149011612,False,15.0,2.0,False,75,5,65,False,0,2,10,5,False,False,0.4000000059604645,265,2,30,False,False,False,False,False,False,False,False,0,55.393978118896484,21.399219512939453,24.609375,22.35546875,0,38,350,0,2194,False,False,0,0,0,True,True,False,False,1.4965509176254272,True,False,0.0,False
81,2024-06-21 16:40:18.522187,0,0,0,100,0,0,0.0,0,0,0.10000000149011612,False,15.0,2.0,False,75,5,65,False,0,2,10,5,False,False,0.4000000059604645,265,2,30,False,False,False,False,False,False,False,False,0,55.53929901123047,21.467967987060547,25.00390625,22.359375,0,38,350,0,2194,False,False,0,0,0,True,True,False,False,1.0213180780410767,True,False,0.0,False
82,2024-06-21 16:40:52.271506,0,0,0,100,0,0,0.0,0,0,0.10000000149011612,False,15.0,2.0,False,75,5,65,False,0,2,10,5,False,False,0.4000000059604645,265,2,30,False,False,False,False,False,False,False,False,0,55.01519012451172,21.536720275878906,24.80859375,22.34375,0,0,0,0,2194,False,False,0,0,0,True,True,False,False,0.24287669360637665,False,False,0.0,True
83,2024-06-21 16:41:26.151882,0,0,0,100,0,0,0.0,0,0,0.10000000149011612,False,15.0,2.0,False,75,5,65,False,0,2,10,5,False,False,0.4000000059604645,265,2,30,False,False,False,False,False,False,False,False,0,55.01813888549805,21.596874237060547,24.90234375,22.3125,0,38,350,0,2194,False,False,0,0,0,True,True,False,False,1.0009266138076782,True,False,0.0,True
84,2024-06-21 16:41:59.970833,0,0,0,100,0,0,0.0,0,0,0.10000000149011612,False,15.0,2.0,False,75,5,65,False,0,2,10,5,False,False,0.4000000059604645,265,2,30,False,False,False,False,False,False,False,False,0,54.79734420776367,21.657032012939453,25.01171875,22.29296875,0,39,700,0,2194,False,False,0,0,0,True,True,False,False,1.2348392009735107,True,False,0.0,True
85,2024-06-21 16:42:33.770062,0,0,0,100,0,0,0.0,0,0,0.10000000149011612,False,15.0,2.0,False,75,5,65,False,0,2,10,5,False,False,0.4000000059604645,265,2,30,False,False,False,False,False,False,False,False,0,54.70771408081055,21.734375,24.73828125,22.2578125,0,39,690,0,2194,False,False,0,0,0,True,True,False,False,1.2136348485946655,True,False,0.0,True
86,2024-06-21 16:43:07.599996,0,0,0,100,0,0,0.0,0,0,0.10000000149011612,False,15.0,2.0,False,75,5,65,False,0,2,10,5,False,False,0.4000000059604645,265,2,30,False,False,False,False,False,False,False,False,0,54.51334762573242,21.785938262939453,25.17578125,22.2578125,0,0,0,2241,2186,False,False,0,0,0,True,True,True,False,0.2121092975139618,False,True,272.0506591796875,False
87,2024-06-21 16:43:41.398674,0,0,0,100,0,0,0.0,0,0,0.10000000149011612,False,15.0,2.0,False,75,5,65,False,0,2,10,5,False,False,0.4000000059604645,250,2,30,False,False,False,False,False,False,False,False,0,54.49126434326172,21.768749237060547,25.26953125,22.4453125,0,0,0,2103,2075,False,False,0,0,0,True,True,True,False,0.1800478994846344,False,True,248.86143493652344,False
88,2024-06-21 16:44:15.274399,0,0,0,100,0,0,0.0,0,0,0.10000000149011612,False,15.0,2.0,False,75,5,65,False,0,2,10,5,False,False,0.4000000059604645,250,2,30,False,False,False,False,False,False,False,False,0,54.7593994140625,21.700000762939453,25.28125,22.48046875,0,38,400,0,2073,False,False,0,0,0,True,True,False,False,1.70285165309906,True,False,0.0,False
89,2024-06-21 16:44:49.033839,0,0,0,100,0,0,0.0,0,0,0.10000000149011612,False,15.0,2.0,False,75,5,65,False,0,2,10,5,False,False,0.4000000059604645,250,2,30,False,False,False,False,False,False,False,False,0,54.731971740722656,21.69140625,24.89453125,22.4921875,0,38,400,0,2073,False,False,0,0,0,True,True,False,False,4.075003623962402,True,False,0.0,False
90,2024-06-21 16:45:22.983350,0,0,0,100,0,0,0.0,0,0,0.10000000149011612,False,15.0,2.0,False,75,5,65,False,0,2,10,5,False,False,0.4000000059604645,250,2,30,False,False,False,False,False,False,False,False,0,54.8026008605957,21.717185974121094,25.453125,22.4765625,0,39,420,0,2070,False,False,0,0,0,True,True,False,False,4.461623191833496,True,False,0.0,False
91,2024-06-21 16:45:56.723188,0,0,0,100,0,0,0.0,0,0,0.10000000149011612,False,15.0,2.0,False,75,5,65,False,0,2,10,5,False,False,0.4000000059604645,250,2,30,False,False,False,False,False,False,False,False,0,54.60027313232422,21.751564025878906,25.66015625,22.453125,0,38,390,0,2070,False,False,0,0,0,True,True,False,False,4.226874351501465,True,False,0.0,False
92,2024-06-21 16:46:30.556347,0,0,0,100,0,0,0.0,0,0,0.10000000149011612,False,15.0,2.0,False,75,5,65,False,0,2,10,5,False,False,0.4000000059604645,250,2,30,False,False,False,False,False,False,False,False,0,54.8711051940918,21.811717987060547,25.859375,22.45703125,0,38,390,0,2070,False,False,0,0,0,True,True,False,False,3.8474502563476562,True,False,0.0,False
93,2024-06-21 16:47:04.515483,0,0,0,100,0,0,0.0,0,0,0.10000000149011612,False,15.0,2.0,False,75,5,65,False,0,2,10,5,False,False,0.4000000059604645,250,2,30,False,False,False,False,False,False,False,False,0,54.45151901245117,21.86328125,26.3671875,22.4375,0,0,0,0,2063,False,False,0,0,0,True,True,False,False,0.8989151120185852,False,False,0.0,True
94,2024-06-21 16:47:38.410856,0,0,0,100,0,0,0.0,0,0,0.10000000149011612,False,15.0,2.0,False,75,5,65,False,0,0,10,5,False,False,0.4000000059604645,250,2,30,False,False,False,False,False,False,False,False,0,54.29163360595703,21.889060974121094,26.0703125,22.43359375,0,0,0,0,2063,False,False,0,0,0,True,True,False,False,0.46231701970100403,False,False,0.0,True
95,2024-06-21 16:48:12.274895,0,0,0,100,0,0,0.0,0,0,0.10000000149011612,False,15.0,2.0,False,75,5,65,False,0,0,10,5,False,False,0.4000000059604645,250,2,30,False,False,False,False,False,False,False,False,0,54.33061599731445,21.90625,26.171875,22.421875,0,0,0,0,2063,False,False,0,0,0,True,True,False,False,0.3923672139644623,False,False,0.0,True
96,2024-06-21 16:48:46.360331,0,0,0,100,0,0,0.0,0,0,0.10000000149011612,False,15.0,2.0,False,75,5,65,False,0,0,10,5,False,False,0.4000000059604645,250,2,30,False,False,False,False,False,False,False,False,0,54.31224822998047,21.914844512939453,26.1640625,22.41796875,0,0,0,0,2063,False,False,0,0,0,True,True,False,False,0.4061685800552368,False,False,0.0,True
97,2024-06-21 16:49:20.283855,0,0,0,100,0,0,0.0,0,0,0.10000000149011612,False,15.0,2.0,False,75,5,65,False,0,0,10,5,False,False,0.4000000059604645,250,2,30,False,False,False,False,False,False,False,False,0,54.19487380981445,21.966407775878906,26.21875,22.41796875,0,38,370,0,2063,False,False,0,0,0,True,True,False,False,2.612531900405884,True,False,0.0,True
98,2024-06-21 16:49:54.042745,0,0,0,100,0,0,0.0,0,0,0.10000000149011612,False,15.0,2.0,False,75,5,65,False,0,0,10,5,False,False,0.4000000059604645,250,2,30,False,False,False,False,False,False,False,False,0,53.918243408203125,22.026561737060547,26.31640625,22.38671875,0,38,350,0,2063,False,False,0,0,0,True,True,False,False,1.6907525062561035,True,False,0.0,True
99,2024-06-21 16:50:27.851959,0,0,0,100,0,0,0.0,0,0,0.10000000149011612,False,15.0,2.0,False,75,5,65,False,0,2,10,5,False,False,0.4000000059604645,250,2,30,False,False,False,False,False,False,False,False,0,53.71947479248047,22.086719512939453,26.3515625,22.3671875,0,38,350,0,2063,False,False,0,0,0,True,True,False,False,1.6618350744247437,True,False,0.0,True
100,2024-06-21 16:51:01.751780,0,0,0,100,0,0,0.0,0,0,0.10000000149011612,False,15.0,2.0,False,75,5,65,False,0,2,10,5,False,False,0.4000000059604645,250,2,30,False,False,False,False,False,False,False,False,0,53.60454559326172,22.146873474121094,26.46484375,22.4765625,0,38,330,0,2056,False,False,0,0,0,True,True,False,False,1.3134444952011108,True,False,0.0,False
101,2024-06-21 16:51:35.650828,0,0,0,100,0,0,0.0,0,0,0.10000000149011612,False,15.0,2.0,False,75,5,65,False,0,2,10,5,False,False,0.4000000059604645,250,2,30,False,False,False,False,False,False,False,False,0,53.78428268432617,22.189842224121094,26.03515625,22.55078125,0,0,0,0,2058,False,False,0,0,0,True,True,False,False,0.20993171632289886,False,False,0.0,False
102,2024-06-21 16:52:09.600788,0,0,0,100,0,0,0.0,0,0,0.10000000149011612,False,15.0,2.0,False,75,5,65,False,0,2,10,5,False,False,0.4000000059604645,250,2,30,False,False,False,False,False,False,False,False,0,53.55747985839844,22.20703125,26.43359375,22.55078125,0,0,0,0,2058,False,False,0,0,0,True,False,False,False,0.2022022306919098,False,False,0.0,False
103,2024-06-21 16:52:43.366375,0,0,0,100,0,0,0.0,0,0,0.10000000149011612,False,15.0,2.0,False,75,5,65,False,0,2,10,5,False,False,0.4000000059604645,250,2,30,False,False,False,False,False,False,False,False,0,53.22197723388672,22.181251525878906,26.375,22.52734375,0,0,0,0,2058,False,False,0,0,0,True,False,False,False,0.2009011059999466,False,False,0.0,False
104,2024-06-21 16:53:17.029314,0,0,0,100,0,0,0.0,0,0,0.10000000149011612,False,15.0,2.0,False,75,5,65,False,0,2,10,5,False,False,0.4000000059604645,250,2,30,False,False,False,False,False,False,False,False,0,53.35700988769531,22.146873474121094,26.3125,22.5,0,0,0,0,2058,False,False,0,0,0,True,False,False,False,0.20103007555007935,False,False,0.0,True
105,2024-06-21 16:53:50.864890,0,0,0,100,0,0,0.0,0,0,0.10000000149011612,False,15.0,2.0,False,75,5,65,False,0,2,10,5,False,False,0.4000000059604645,250,2,30,False,False,False,False,False,False,False,False,0,53.70517349243164,22.103904724121094,26.21484375,22.53125,0,0,0,0,2047,False,False,0,0,0,True,True,False,False,0.1959405243396759,False,False,0.0,False
106,2024-06-21 16:54:24.878787,0,0,0,100,0,0,0.0,0,0,0.10000000149011612,False,15.0,2.0,False,75,5,65,False,0,2,10,5,False,False,0.4000000059604645,350,2,30,False,False,False,False,False,False,False,False,0,53.749542236328125,22.146873474121094,26.18359375,22.5703125,0,38,330,2893,2791,False,False,0,0,0,True,True,False,False,0.3055647909641266,True,True,372.010009765625,False
107,2024-06-21 16:54:58.794069,0,0,0,100,0,0,0.0,0,0,0.10000000149011612,False,15.0,2.0,False,75,5,65,False,0,2,10,5,False,False,0.4000000059604645,350,2,30,False,False,False,False,False,False,False,False,0,53.4360466003418,22.172657012939453,26.421875,22.59375,0,39,810,2756,2677,False,False,0,0,0,True,True,False,False,0.21585410833358765,True,True,348.80145263671875,False
108,2024-06-21 16:55:32.837029,0,0,0,100,0,0,0.0,0,0,0.10000000149011612,False,15.0,2.0,False,75,5,65,False,0,2,10,5,False,False,0.4000000059604645,350,2,30,False,False,False,False,False,False,False,False,0,53.46429443359375,22.241405487060547,26.375,22.7265625,0,39,810,0,2682,False,False,0,0,0,True,True,False,False,0.2041231393814087,True,False,0.0,True
109,2024-06-21 16:56:06.607415,0,0,0,100,0,0,0.0,0,0,0.10000000149011612,False,15.0,2.0,False,75,5,65,False,0,2,10,5,False,False,0.4000000059604645,350,2,30,False,False,False,False,False,False,False,False,0,52.93716049194336,22.310157775878906,25.6640625,22.76953125,0,0,0,0,2685,False,False,0,0,0,True,True,False,False,0.18624457716941833,False,False,0.0,False
110,2024-06-21 16:56:40.566041,0,0,0,100,0,0,0.0,0,0,0.10000000149011612,False,15.0,2.0,False,75,5,65,False,0,0,10,5,False,False,0.4000000059604645,350,2,30,False,False,False,False,False,False,False,False,0,52.763999938964844,22.361717224121094,25.4296875,22.765625,0,39,790,0,2685,False,False,0,0,0,True,True,False,False,0.19615064561367035,True,False,0.0,False
111,2024-06-21 16:57:14.625677,0,0,0,100,0,0,0.0,0,0,0.10000000149011612,False,15.0,2.0,False,75,5,65,False,0,0,10,5,False,False,0.4000000059604645,350,2,30,False,False,False,False,False,False,False,False,0,53.162376403808594,22.396095275878906,25.26171875,22.75,0,39,810,0,2685,False,False,0,0,0,True,True,False,False,0.18563874065876007,True,False,0.0,False
112,2024-06-21 16:57:48.525001,0,0,0,100,0,0,0.0,0,0,0.10000000149011612,False,15.0,2.0,False,75,5,65,False,0,0,10,5,False,False,0.4000000059604645,350,2,30,False,False,False,False,False,False,False,False,0,52.67192840576172,22.482032775878906,25.18359375,22.71875,0,0,0,0,2685,False,False,0,0,0,True,True,False,False,0.16044102609157562,False,False,0.0,False
113,2024-06-21 16:58:22.514315,0,0,0,100,0,0,0.0,0,0,0.10000000149011612,False,15.0,2.0,False,75,5,65,False,0,0,10,5,False,False,0.4000000059604645,350,2,30,False,False,False,False,False,False,False,False,0,52.29564666748047,22.559375762939453,25.140625,22.72265625,0,0,0,0,2685,False,False,0,0,0,True,True,False,False,0.12167645245790482,False,False,0.0,True
114,2024-06-21 16:58:56.413927,0,0,0,100,0,0,0.0,0,0,0.10000000149011612,False,15.0,2.0,False,75,5,65,False,0,0,10,5,False,False,0.4000000059604645,350,2,30,False,False,False,False,False,False,False,False,0,52.24108123779297,22.585155487060547,25.10546875,22.7265625,0,36,20,2759,2677,False,False,0,0,0,True,True,False,False,0.19260744750499725,True,True,352.2555847167969,True
115,2024-06-21 16:59:30.323343,0,0,0,100,0,0,0.0,0,0,0.10000000149011612,False,15.0,2.0,False,75,5,65,False,0,0,10,5,False,False,0.4000000059604645,350,2,30,False,False,False,False,False,False,False,False,0,52.360252380371094,22.585155487060547,25.015625,22.8046875,0,39,790,2749,2682,False,False,0,0,0,True,True,False,False,0.16240116953849792,True,True,349.21380615234375,False
116,2024-06-21 17:00:04.053423,0,0,0,100,0,0,0.0,0,0,0.10000000149011612,False,15.0,2.0,False,75,5,65,False,0,0,10,5,False,False,0.4000000059604645,350,2,30,False,False,False,False,False,False,False,False,0,52.57408905029297,22.576560974121094,24.90625,22.80859375,0,39,770,0,2678,False,False,0,0,0,True,True,False,False,0.1569501906633377,True,False,0.0,False
117,2024-06-21 17:00:37.758461,0,0,0,100,0,0,0.0,0,0,0.10000000149011612,False,15.0,2.0,False,75,5,65,False,0,0,10,5,False,False,0.4000000059604645,350,2,30,False,False,False,False,False,False,False,False,0,52.36509323120117,22.576560974121094,24.8125,22.78515625,0,39,800,0,2678,False,False,0,0,0,True,True,False,False,0.13926294445991516,True,False,0.0,False
118,2024-06-21 17:01:11.512098,0,0,0,100,0,0,0.0,0,0,0.10000000149011612,False,15.0,2.0,False,75,5,65,False,0,0,10,5,False,False,0.4000000059604645,350,2,30,False,False,False,False,False,False,False,False,0,52.47172164916992,22.559375762939453,24.82421875,22.7734375,0,39,790,0,2678,False,False,0,0,0,True,True,False,False,0.1521683931350708,True,False,0.0,False
119,2024-06-21 17:01:45.501725,0,0,0,100,0,0,0.0,0,0,0.10000000149011612,False,15.0,2.0,False,75,5,65,False,0,0,10,5,False,False,0.4000000059604645,350,2,30,False,False,False,False,False,False,False,False,0,52.5601921081543,22.55078125,24.73046875,22.72265625,0,0,0,0,2678,False,False,0,0,0,True,True,False,False,0.12071844935417175,False,False,0.0,True
120,2024-06-21 17:02:19.330697,0,0,0,100,0,0,0.0,0,0,0.10000000149011612,False,15.0,2.0,False,75,5,65,False,0,0,10,5,False,False,0.4000000059604645,350,2,30,False,False,False,False,False,False,False,False,0,52.29685974121094,22.542186737060547,24.84375,22.703125,0,0,0,0,2678,False,False,0,0,0,True,True,False,False,0.1201343759894371,False,False,0.0,True
121,2024-06-21 17:02:53.070085,0,0,0,100,0,0,0.0,0,0,0.10000000149011612,False,15.0,2.0,False,75,5,65,False,0,0,10,5,False,False,0.4000000059604645,350,2,30,False,False,False,False,False,False,False,False,0,52.671775817871094,22.499217987060547,24.796875,22.65625,0,0,0,0,2678,False,False,0,0,0,True,True,False,False,0.121258944272995,False,False,0.0,True
122,2024-06-21 17:03:26.880149,0,0,0,100,0,0,0.0,0,0,0.10000000149011612,False,15.0,2.0,False,75,5,65,False,0,0,10,5,False,False,0.4000000059604645,350,2,30,False,False,False,False,False,False,False,False,0,52.61440658569336,22.499217987060547,24.7265625,22.63671875,0,0,0,0,2678,False,False,0,0,0,True,True,False,False,0.12070638686418533,False,False,0.0,True
123,2024-06-21 17:04:00.785022,0,0,0,100,0,0,0.0,0,0,0.10000000149011612,False,15.0,2.0,False,75,5,65,False,0,0,10,5,False,False,0.4000000059604645,350,2,30,False,False,False,False,False,False,False,False,0,52.45002365112305,22.473438262939453,24.78515625,22.609375,0,0,0,0,2678,False,False,0,0,0,True,True,False,False,0.1187892034649849,False,False,0.0,True
124,2024-06-21 17:04:34.618079,0,0,0,100,0,0,0.0,0,0,0.10000000149011612,False,15.0,2.0,False,75,5,65,False,0,0,10,5,False,False,0.4000000059604645,350,2,30,False,False,False,False,False,False,False,False,0,52.334556579589844,22.473438262939453,24.66796875,22.58984375,0,0,0,0,2678,False,False,0,0,0,True,True,False,False,0.11613000184297562,False,False,0.0,True
125,2024-06-21 17:05:08.457948,0,0,0,100,0,0,0.0,0,0,0.10000000149011612,False,15.0,2.0,False,75,5,65,False,0,0,10,5,False,False,0.4000000059604645,350,2,30,False,False,False,False,False,False,False,False,0,52.420738220214844,22.499217987060547,24.640625,22.59375,0,0,0,0,2678,False,False,0,0,0,True,True,False,False,0.11552242934703827,False,False,0.0,True
